"","CorrDisease","PvalDisease"
"MEblack",0.466478948596709,9.8249357867019e-36
"MEblue",0.597415587516976,7.08203511605129e-63
"MEbrown",0.613222663407802,4.71474536557672e-67
"MEgreen",0.642658466354934,1.70493913812006e-75
"MEgreenyellow",0.421216324991927,8.73569927295772e-29
"MEgrey",-0.125383268663294,0.00152000614133253
"MEmagenta",-0.181632080624971,3.95731885402799e-06
"MEpurple",0.263009635633002,1.53962774635989e-11
"MEred",-0.431206549757843,3.13565119228683e-30
"MEturquoise",-0.651495593635531,3.25655602024993e-78
"MEyellow",0.372910155878338,1.89770268266512e-22
