"","CorrAge","PvalAge"
"MEblack",0.263406284541617,1.43170543401750e-11
"MEblue",0.498367669320592,2.70417852050568e-41
"MEgreen",0.309351464483113,1.35891810770942e-15
"MEgreenyellow",0.483778180883734,1.11873468964624e-38
"MEgrey",0.574241386150589,3.71066655060636e-57
"MEmagenta",-0.616485467263742,6.0482788697533e-68
"MEpink",-0.664287831749112,2.5807432901988e-82
"MEpurple",-0.228937200810916,5.07904336123937e-09
"MEred",-0.656462060984306,8.79772062183672e-80
"MEturquoise",-0.325452316523113,3.50300646631848e-17
"MEyellow",-0.374989598105895,1.06305411074233e-22
