"","CorrAge","PvalAge"
"TBXAS1",0.20006466927411,3.56096632045235e-07
"PTPRC",0.243925322224132,4.40989589376578e-10
"TYROBP",0.0850355961151009,0.0318830309954689
"ITGB2",0.193813187323021,8.27252798878412e-07
"MYO1F",0.102122151441538,0.00990494846928587
"CYBA",0.281656652785801,4.42616273438063e-13
"LST1",0.156741200045863,7.10386082322922e-05
"SLC7A7",0.133320010540245,0.000742713729700433
"RNASET2",0.18861410174552,1.63366158232627e-06
"FCER1G",0.246304358173812,2.94655637051735e-10
