"","CorrAge","PvalAge"
"MEgrey",0.389999012692611,0.00077366791203444
"MEgrey60",0.307368287996847,0.00912304919396714
"MEmagenta",0.389861744491592,0.000777280665504921
"MEyellow",0.627905700311016,4.60083026252496e-09
