"","CorrAge","PvalAge"
"C4B",0.651878130432501,7.39299895060591e-10
"C4A",0.651878130432501,7.39299895060591e-10
"CTSS",0.594819531896102,4.50225728609396e-08
"LGALS3BP",0.528937463372371,2.11659664516129e-06
"APOD",0.561123253663466,3.57967770828592e-07
"C1QC",0.521086016108666,3.17759296680256e-06
"TREM2",0.566670240383669,2.58504550693132e-07
"C1QB",0.553507469626324,5.54378273620815e-07
"C1QA",0.547626851055413,7.71427720997333e-07
"MPEG1",0.568383228457232,2.33498867993661e-07
